{"stats":{"minecraft:mined":{"minecraft:grass":5,"minecraft:oak_log":6,"minecraft:fern":2},"minecraft:crafted":{"minecraft:crafting_table":1,"minecraft:oak_planks":24,"minecraft:stick":4,"minecraft:wooden_pickaxe":1},"minecraft:picked_up":{"minecraft:oak_log":6},"minecraft:used":{"minecraft:crafting_table":1},"minecraft:custom":{"minecraft:jump":8,"minecraft:time_since_rest":1932,"minecraft:crouch_one_cm":8,"minecraft:leave_game":2,"minecraft:play_time":1932,"minecraft:sprint_one_cm":4506,"minecraft:time_since_death":1932,"minecraft:walk_one_cm":1959,"minecraft:sneak_time":3,"minecraft:climb_one_cm":206,"minecraft:total_world_time":1932,"minecraft:interact_with_crafting_table":1,"minecraft:fly_one_cm":701}},"DataVersion":3465}