{"stats":{"minecraft:broken":{"minecraft:wooden_axe":1},"minecraft:mined":{"minecraft:grass":6,"minecraft:grass_block":1,"minecraft:oak_log":44,"minecraft:vine":2,"minecraft:jungle_log":18,"minecraft:dirt":3,"minecraft:jungle_leaves":2,"minecraft:stone":25,"minecraft:fern":2},"minecraft:used":{"minecraft:wooden_axe":64,"minecraft:crafting_table":1,"minecraft:jungle_planks":6,"minecraft:oak_planks":36,"minecraft:wooden_pickaxe":29},"minecraft:crafted":{"minecraft:oak_planks":176,"minecraft:crafting_table":1,"minecraft:stick":4,"minecraft:wooden_pickaxe":1,"minecraft:jungle_planks":72,"minecraft:wooden_axe":1},"minecraft:picked_up":{"minecraft:stick":8,"minecraft:apple":2,"minecraft:jungle_log":18,"minecraft:oak_log":44,"minecraft:jungle_sapling":1,"minecraft:oak_sapling":20,"minecraft:dirt":4,"minecraft:cobblestone":25},"minecraft:custom":{"minecraft:time_since_rest":7664,"minecraft:crouch_one_cm":8,"minecraft:play_time":7664,"minecraft:sprint_one_cm":14493,"minecraft:walk_one_cm":6372,"minecraft:sneak_time":4,"minecraft:jump":78,"minecraft:leave_game":7,"minecraft:time_since_death":7664,"minecraft:total_world_time":7664,"minecraft:climb_one_cm":601,"minecraft:interact_with_crafting_table":4,"minecraft:fly_one_cm":4222,"minecraft:fall_one_cm":209}},"DataVersion":3465}