{"stats":{"minecraft:custom":{"minecraft:time_since_rest":3612,"minecraft:crouch_one_cm":8,"minecraft:play_time":3612,"minecraft:sprint_one_cm":9435,"minecraft:walk_one_cm":3715,"minecraft:sneak_time":3,"minecraft:jump":19,"minecraft:leave_game":4,"minecraft:time_since_death":3612,"minecraft:total_world_time":3612,"minecraft:climb_one_cm":502,"minecraft:interact_with_crafting_table":2,"minecraft:fly_one_cm":1936},"minecraft:mined":{"minecraft:grass":6,"minecraft:oak_log":24,"minecraft:vine":2,"minecraft:jungle_log":18,"minecraft:jungle_leaves":1,"minecraft:fern":2},"minecraft:crafted":{"minecraft:oak_planks":24,"minecraft:crafting_table":1,"minecraft:stick":4,"minecraft:wooden_pickaxe":1,"minecraft:wooden_axe":1},"minecraft:used":{"minecraft:wooden_axe":43,"minecraft:crafting_table":1},"minecraft:picked_up":{"minecraft:stick":8,"minecraft:apple":2,"minecraft:jungle_log":18,"minecraft:oak_log":24,"minecraft:jungle_sapling":1,"minecraft:oak_sapling":12}},"DataVersion":3465}