{"stats":{"minecraft:custom":{"minecraft:time_since_rest":6851,"minecraft:crouch_one_cm":8,"minecraft:play_time":6851,"minecraft:sprint_one_cm":14161,"minecraft:walk_one_cm":6168,"minecraft:sneak_time":4,"minecraft:jump":40,"minecraft:leave_game":6,"minecraft:time_since_death":6851,"minecraft:total_world_time":6851,"minecraft:climb_one_cm":601,"minecraft:interact_with_crafting_table":4,"minecraft:fly_one_cm":4222,"minecraft:fall_one_cm":209},"minecraft:mined":{"minecraft:grass":6,"minecraft:grass_block":1,"minecraft:oak_log":44,"minecraft:vine":2,"minecraft:jungle_log":18,"minecraft:dirt":3,"minecraft:jungle_leaves":2,"minecraft:stone":25,"minecraft:fern":2},"minecraft:broken":{"minecraft:wooden_axe":1},"minecraft:crafted":{"minecraft:oak_planks":176,"minecraft:crafting_table":1,"minecraft:stick":4,"minecraft:wooden_pickaxe":1,"minecraft:jungle_planks":72,"minecraft:wooden_axe":1},"minecraft:used":{"minecraft:wooden_axe":64,"minecraft:crafting_table":1,"minecraft:oak_planks":7,"minecraft:wooden_pickaxe":29},"minecraft:picked_up":{"minecraft:stick":8,"minecraft:apple":2,"minecraft:jungle_log":18,"minecraft:oak_log":44,"minecraft:jungle_sapling":1,"minecraft:oak_sapling":20,"minecraft:dirt":4,"minecraft:cobblestone":25}},"DataVersion":3465}