{"stats":{"minecraft:picked_up":{"minecraft:peony":5,"minecraft:dirt":3},"minecraft:custom":{"minecraft:jump":13,"minecraft:time_since_rest":2578,"minecraft:damage_dealt":15,"minecraft:leave_game":3,"minecraft:play_time":2578,"minecraft:sprint_one_cm":2658,"minecraft:time_since_death":2578,"minecraft:walk_one_cm":1523,"minecraft:total_world_time":2578,"minecraft:fly_one_cm":800,"minecraft:fall_one_cm":211},"minecraft:used":{"minecraft:peony":3,"alexsmobs:animal_dictionary":1,"minecraft:dirt":1},"minecraft:mined":{"minecraft:grass_block":1,"minecraft:dirt":2,"minecraft:peony":5}},"DataVersion":3465}