{"stats":{"minecraft:used":{"minecraft:peony":2,"alexsmobs:animal_dictionary":1},"minecraft:mined":{"minecraft:peony":4},"minecraft:picked_up":{"minecraft:peony":4},"minecraft:custom":{"minecraft:jump":13,"minecraft:time_since_rest":1003,"minecraft:damage_dealt":15,"minecraft:leave_game":1,"minecraft:sprint_one_cm":2209,"minecraft:play_time":1003,"minecraft:time_since_death":1003,"minecraft:walk_one_cm":946,"minecraft:total_world_time":1003,"minecraft:fall_one_cm":211,"minecraft:fly_one_cm":800}},"DataVersion":3465}